courses,num
social media marketing with AI,1
social media marketing with AI,3
social media marketing with AI,3
social media marketing with AI,4
social media marketing with AI,1
social media marketing with AI,5
social media marketing with AI,4
social media marketing with AI,5
social media marketing with AI,1
social media marketing with AI,3
social media marketing with AI,2
social media marketing with AI,4
social media marketing with AI,5
social media marketing with AI,3
social media marketing with AI,1
